{
    "0":{
        "text": [
        "$Q_{d}"
    ],
    "pt": [
        [
            3.5, 
        3.0499999999999998, 
        0.17499999999999999
        ]
    ]

    },
    "1":{
        "text": [
        "$Q_{d}",
        "$R_{d,1}",
        "$R_{d,2}",
        "$R_{d,3}",
        "$R_{d,4}"
    ],
    "pt": [
        [
            3.5, 
        3.0499999999999998, 
        0.17499999999999999
        ],
        [
            3.5, 
            0.34999999999999998, 
            -0.074999999999999997
        ],
        [
            3.5, 
            0.0465, 
            0.5
        ],
        [
            3.5, 
            -0.5, 
            0.049999999999999989
        ],
        [
            3.5, 
            -0.046499999999999986, 
            -0.45000000000000001
        ]
    ]

    },
    "2":{
        "text": [
        "$Q_{d}",
        "$R_{d,1}",
        "$R_{d,2}",
        "$R_{d,3}",
        "$R_{d,4}"
    ],
    "pt": [
        [
            3.5, 
        3.0499999999999998, 
        0.17499999999999999
        ],
        [
            3.5, 
            0.34999999999999998, 
            -0.074999999999999997
        ],
        [
            3.5, 
            0.0465, 
            0.5
        ],
        [
            3.5, 
            -0.5, 
            0.049999999999999989
        ],
        [
            3.5, 
            -0.046499999999999986, 
            -0.45000000000000001
        ]
    ]

    },
    "3":{
        "text": [
        "$Q_{d}",
        "$R_{d,1}",
        "$R_{d,2}",
        "$R_{d,3}",
        "$R_{d,4}"
    ],
    "pt": [
        [
            3.5, 
        3.0499999999999998, 
        0.17499999999999999
        ],
        [
            3.5, 
            0.34999999999999998, 
            -0.074999999999999997
        ],
        [
            3.5, 
            0.0465, 
            0.5
        ],
        [
            3.5, 
            -0.5, 
            0.049999999999999989
        ],
        [
            3.5, 
            -0.046499999999999986, 
            -0.45000000000000001
        ]
    ]
    },
    "4":{
        "text": [
        "Strebe A"
    ], 
    "pt": [
        [
            3.5, 
            1.1242619716616122, 
            0.52573920547550546
        ] 
    ]
    },
    "5":{
        "text": [
        "Strebe B"
    ], 
    "pt": [
        [
            3.5, 
            2.2033614390281491, 
            -0.028158470934029234
        ]
    ]
    },
    "6":{
        "text": [
        "Strebe C"
    ], 
    "pt": [
        [
            3.5, 
            2.6253000268470426, 
            0.29531738623255815
        ]
    ]
    },
    "7":{
        "text": [
        "Streben D"
    ], 
    "pt": [
        [
            3.5, 
            0.88799149022704893, 
            -0.51915893908673005
        ]
    ]
    },
    "8":{
        "text": [
        "Strebe E"
    ], 
    "pt": [
        [
            3.5, 
            -0.11540787367715244, 
            0.55474250852948903
        ]
    ]
    },
    "9":{
        "text": [
        "Strebe F"
    ], 
    "pt": [
        [
            3.5, 
            -0.73503501557762052, 
            0.031754645552637989
        ] 
    ]
    },
    "10":{
        "text": [
        "Strebe H"
    ], 
    "pt": [
        [
            3.5, 
            0.086426897093354327, 
            -0.53966648589200084
        ]
    ]
    },
    "11":{
        "text": [
    ], 
    "pt": [
    ]
    },
    "12":{
        "text": [
        "Strebe A",
        "Strebe B",
        "Strebe C",
        "Strebe D",
        "Strebe E",
        "Strebe F",
        "Strebe H"
    ], 
    "pt": [
        [
            3.5, 
            1.1242619716616122, 
            0.52573920547550546
        ] ,
        [
            3.5, 
            2.2033614390281491, 
            -0.028158470934029234
        ],
        [
            3.5, 
            2.6253000268470426, 
            0.29531738623255815
        ],
        [
            3.5, 
            0.88799149022704893, 
            -0.51915893908673005
        ],
        [
            3.5, 
            -0.11540787367715244, 
            0.55474250852948903
        ],
        [
            3.5, 
            -0.73503501557762052, 
            0.031754645552637989
        ],
        [
            3.5, 
            0.086426897093354327, 
            -0.53966648589200084
        ] 
    ]
    }
    
}